"emp_no","first_name","last_name"
10282,"Hercules","Benzmuller"
11337,"Hercules","Brendel"
20780,"Hercules","Baranowski"
21870,"Hercules","Barreiro"
38161,"Hercules","Baer"
89382,"Hercules","Bernardinello"
90712,"Hercules","Biran"
89844,"Hercules","Basagni"
250175,"Hercules","Bodoff"
210097,"Hercules","Bernatsky"
213553,"Hercules","Bail"
236650,"Hercules","Birge"
241391,"Hercules","Bisiani"
279195,"Hercules","Buchter"
276181,"Hercules","Biron"
294352,"Hercules","Bain"
435221,"Hercules","Bahr"
438081,"Hercules","Baak"
461517,"Hercules","Benantar"
482148,"Hercules","Berstel"
